{
    "First Network": {
        "1": {
            "Optimal Parameters": [
                177.90256562951834,
                255.65684335545006,
                0.0031618261817642638,
                0.09624861942645276,
                275.4068843055064,
                267.387363140049,
                0.0006815703662174672,
                0.09584731897286475,
                258.42247102046076,
                207.07971428779746,
                0.008114212824694295,
                0.0019967101586112483
            ],
            "Optimal Score": [
                0.24832629649530547,
                0.25042522802188405,
                0.27070038207814173
            ]
        },
        "2": {
            "Optimal Parameters": [
                37.58340853008769,
                109.30837043046822,
                0.001445109442258292,
                0.04375689538913769,
                216.51245977120834,
                261.8467738933216,
                0.007175950850866343,
                0.02129812224872473,
                114.10036511830351,
                5.40078103939876,
                0.0006066953350929235,
                0.05129837038037364
            ],
            "Optimal Score": [
                0.2517562071389787,
                0.3042579713913508,
                0.3277300093772769
            ]
        },
        "3": {
            "Optimal Parameters": [
                169.40229144938152,
                279.31646077234694,
                0.005495948737162557,
                0.020353483416248968,
                208.19421989318653,
                195.10842813732438,
                0.006089135356656669,
                0.012305247061959792,
                56.0335565622577,
                75.29095734419197,
                0.00384785908523362,
                0.06426513856586356
            ],
            "Optimal Score": [
                0.246056400222043,
                0.27497406310540373,
                0.32398702572409355
            ]
        }
    },
    "Second Network": {
        "1": {
            "Optimal Parameters": [
                71.30807355008459,
                119.21770153707422,
                237.6691792180278,
                0.00955843904664877,
                0.06738622952437719,
                49.69907667426998,
                253.1670501093437,
                70.33467492802525,
                0.006873575014619548,
                0.07942674535437642,
                69.68225753079568,
                293.67208669524126,
                67.9027225275855,
                0.003736224272812376,
                0.09257216844312233
            ],
            "Optimal Score": [
                0.2723315830502393,
                0.27818843336967414,
                0.288709467963411
            ]
        },
        "2": {
            "Optimal Parameters": [
                30.28374250476592,
                110.18633007893457,
                196.763862316536,
                0.0033631097646224387,
                0.08830137705715241,
                203.7872170463075,
                247.61070342261445,
                60.46240564571549,
                0.009846491145748544,
                0.034180212443637566,
                225.56906680481563,
                139.57476466242792,
                47.23898011426036,
                0.001436159196945584,
                0.08312989710231888
            ],
            "Optimal Score": [
                0.28527262671058184,
                0.2873008036879533,
                0.36832668297478555
            ]
        },
        "3": {
            "Optimal Parameters": [
                70.28010804335699,
                202.00931315201228,
                129.45881163285324,
                0.005474353471304505,
                0.027191198933476927,
                91.84024792109139,
                234.31829706891736,
                102.24310859744145,
                0.007625114361060422,
                0.09077039790715143,
                98.34614021421258,
                61.45222870769831,
                169.20732391243152,
                0.002030234009907374,
                0.09176958608261271
            ],
            "Optimal Score": [
                0.24892129750367076,
                0.26661088340111627,
                0.3190131144993109
            ]
        }
    },
    "Third Network": {
        "1": {
            "Optimal Parameters": [
                243.35589388195365,
                90.53042171786507,
                142.5254172842785,
                167.4117838763873,
                0.006084069274809072,
                0.055972148175369094,
                153.78740673597537,
                47.83658216524753,
                289.71356333504383,
                67.1273262489461,
                0.00014512111139843644,
                0.07646816746737627,
                243.35589388195365,
                90.53042171786507,
                142.5254172842785,
                167.4117838763873,
                0.006084069274809072,
                0.055972148175369094
            ],
            "Optimal Score": [
                0.2658378016064321,
                0.3603287414156341,
                1.0
            ]
        },
        "2": {
            "Optimal Parameters": [
                192.36525034796603,
                269.811447738337,
                124.81207165193314,
                187.33824416376245,
                0.006992306930484592,
                0.003420699352866031,
                279.748739796585,
                264.98652454835724,
                98.344583846287,
                26.848529206225336,
                0.007541167147546517,
                0.011587500285431809,
                6.167171222164836,
                60.69234083924333,
                234.3304471478608,
                52.15425770645663,
                0.0048155488420651765,
                0.018948807945472882
            ],
            "Optimal Score": [
                0.2758014931178385,
                0.2778193650651175,
                0.35463132727224556
            ]
        },
        "3": {
            "Optimal Parameters": [
                206.37638840102227,
                10.042621364794499,
                252.79274619935921,
                136.65030417653608,
                0.006000290153773582,
                0.08266709504100023,
                221.93120322749428,
                233.11057909236402,
                206.43576214305406,
                49.6862485345549,
                0.006721706530330695,
                0.029027673530927896,
                276.37471039477776,
                286.212905418749,
                240.93735826564682,
                23.06399788677731,
                0.003667371175793181,
                0.03204611605132349
            ],
            "Optimal Score": [
                0.2769054058121253,
                0.2817783106053746,
                0.28598927739501856
            ]
        }
    },
    "Fourth Network": {
        "1": {
            "Optimal Parameters": [
                165.56932046889818,
                96.73551441252263,
                16.464682357533373,
                199.47186999350637,
                127.25625369537022,
                0.0071507000502798145,
                0.042126399143916235,
                183.9339008428383,
                42.7249745961965,
                45.687046235412815,
                224.07458953489146,
                78.63737682668248,
                0.009796302254975436,
                0.004770035406737051,
                297.19147817297863,
                185.10890106250005,
                182.6104089135899,
                115.77270704791789,
                262.79753073761395,
                0.0033580342636319333,
                0.04283607662460587
            ],