{
    "First Network": {
        "1": {
            "Optimal Parameters": [
                143.34642200432822,
                131.96813983771438,
                0.007174390867507205,
                0.0015448918050414708,
                198.3924233618323,
                297.9232168029428,
                0.007801482630416755,
                0.06662902909584964,
                98.16494516810752,
                14.202503608951396,
                0.007160021442941561,
                0.003514841233384059
            ],
            "Optimal Score": [
                0.5636999845489836,
                0.5754790682183295,
                0.5776988793910585
            ]
        },
        "2": {
            "Optimal Parameters": [
                183.03214133090202,
                121.38054493411309,
                0.00997486989750012,
                0.037232122966179,
                182.98290987592586,
                76.02833662794394,
                0.009637258870804745,
                0.05527984826977263,
                182.997711061559,
                83.85173990935756,
                0.003434525525972969,
                0.057042667398588855
            ],
            "Optimal Score": [
                0.5625060860537208,
                0.5666069302585266,
                0.5680965060262047
            ]
        },
        "3": {
            "Optimal Parameters": [
                283.782843456031,
                25.82482582363449,
                0.0048377559374729795,
                0.07748374917689638,
                284.9846638526855,
                123.22556910915861,
                0.004839427337398802,
                0.05982455324282469,
                254.91075230970694,
                25.768421577791294,
                0.004891801439439815,
                0.06466796649056859
            ],
            "Optimal Score": [
                0.5673737480482789,
                0.5715403333871323,
                0.5738244557129403
            ]
        }
    },
    "Second Network": {
        "1": {
            "Optimal Parameters": [
                218.86470186410014,
                193.4137406667554,
                169.38983556908474,
                0.004899011190318833,
                0.0004754974666757229,
                217.4543144247707,
                245.45641514006002,
                121.0903685509433,
                0.007890450637193049,
                0.00019859934740866785,
                229.52099242999347,
                252.6623737070495,
                72.49997241226806,
                0.007020808778246662,
                0.025898783976793543
            ],
            "Optimal Score": [
                0.568384513156982,
                0.5741745864139666,
                0.5778732350438455
            ]
        },
        "2": {
            "Optimal Parameters": [
                203.23159194944853,
                150.16174073825584,
                35.788648397245694,
                0.007543404757567185,
                0.028777259311852238,
                195.56997044573583,
                198.14692087721454,
                87.17466961856174,
                0.008787142827221418,
                0.02185592203807786,
                195.406676539786,
                7.527750689236452,
                188.27498536956324,
                0.00991639237938526,
                0.02027380465317567
            ],
            "Optimal Score": [
                0.5674611121083131,
                0.5684579232211997,
                0.5706082344731828
            ]
        },
        "3": {
            "Optimal Parameters": [
                252.54911813640607,
                58.45866710980132,
                279.81069242730047,
                0.007702269254225706,
                0.01612896655716878,
                126.09150747704716,
                89.32946801703261,
                254.26898455899916,
                0.00812768153439251,
                0.06916541712377415,
                190.1188980684698,
                12.276894513556273,
                26.082024659353504,
                0.008696649863015398,
                0.03235229330696148
            ],
            "Optimal Score": [
                0.5655483523618501,
                0.5657372961297926,
                0.5741370171492743
            ]
        }
    },
    "Third Network": {
        "1": {
            "Optimal Parameters": [
                294.36800517845126,
                146.89851537788041,
                236.36643912999793,
                124.86907574325467,
                0.0076792509108031615,
                0.07936865543669291,
                211.86034930967233,
                202.80238542977088,
                48.12820866959106,
                68.11876323627081,
                0.009212157089887775,
                0.08900284425303154,
                292.2465816519482,
                159.71259830903745,
                118.44347139286721,
                108.8164483362097,
                0.007827121197560688,
                0.08403256311837387
            ],
            "Optimal Score": [
                0.5494096531423202,
                0.5658099453815779,
                0.566211209025759
            ]
        },
        "2": {
            "Optimal Parameters": [
                164.97761380490044,
                159.3497034758907,
                193.29009513759766,
                15.614514118433334,
                0.009581602249499348,
                0.004529372702113877,
                23.4705029405123,
                10.372165216316038,
                115.8240916202257,
                298.8501449840256,
                0.009233754689874632,
                0.03702561701457284,
                61.17408289664597,
                13.811052376437416,
                112.03822694293443,
                220.62194043076303,
                0.009157349544703718,
                0.09098274064291399
            ],
            "Optimal Score": [
                0.5211709984280452,
                0.5655490441434456,
                0.5714412181084265
            ]
        },
        "3": {
            "Optimal Parameters": [
                12.2719434870387,
                196.669774736914,
                195.22276565323986,
                248.30535861238252,
                0.009531008231592066,
                0.0039558135244552655,
                68.67859447163896,
                167.70168661492616,
                292.45005279618346,
                248.10608268950733,
                0.008983089867547894,
                0.025002821929707434,
                12.399646937426953,
                264.94450238392517,
                116.176512875546,
                244.98680628919027,
                0.009607082587232266,
                0.003264685251534783
            ],
            "Optimal Score": [
                0.5585869829567278,
                0.5723937297852969,
                0.5728079316635841
            ]
        }
    },
    "Fourth Network": {
        "1": {
            "Optimal Parameters": [
                227.85591030008752,
                130.85063075625396,
                64.02010163846037,
                6.010490568846338,
                271.47503452934546,
                0.006121554151067918,
                0.06750249477687116,
                4.171726483743031,
                243.76659195484527,
                179.47973654822033,
                4.695747800226185,
                167.92424025468722,
                0.008804965397060665,
                0.03799044789380478,
                295.68359773715736,
                228.00553847002556,
                102.4509640767403,
                9.264564155584445,
                169.07238385180895,
                0.008326470647726951,
                0.05032862086170078
            ],